,0
avantage,3
connaissance,3
oÃ¹,3
chercher,2
bien que,2
coquin,2
discours,2
heureux,2
jurÃ©,2
Conseil,2
plus loin,2
mÃ©pris,2
garde,2
jeune fille,2
encore,2
vivant,2
larmes,2
pourrait,2
prÃªt,2
porter,2
saluer,2
sens,2
rapide,2
rÃ¨gne,2
mortel,2
ancien,2
colÃ¨re,2
matiÃ¨re,2
vÃªtements,2
image,2
supporter,2
argent,2
faux,2
se,2
vengeance,2
assez,2
demande,2
affections,1
affection,1
affaires,1
action,1
Compte,1
accuser,1
absence,1
selon,1
abuser de,1
aprÃ¨s,1
peur,1
un autre,1
presque,1
seul,1
le long de,1
dÃ©jÃ ,1
toujours,1
ambition,1
ange,1
rÃ©pondre,1
n'importe quoi,1
avant,1
mendiant,1
au dessus,1
Ã  l'Ã©tranger,1
bannir,1
apparaÃ®tre,1
bataille,1
endormi,1
assurer,1
assister,1
autoritÃ©,1
Ã©viter,1
Ã©veillÃ©,1
quelque temps,1
nom,1
DÃ©nudÃ©,1
Connard,1
barbe,1
se soucie,1
palier,1
ours,1
la bÃªte,1
battu,1
beautÃ©,1
car,1
devenir,1
Bedford,1
argument,1
apparaÃ®t,1
commencer,1
brÃ»lant,1
achetÃ©,1
liÃ©,1
voir,1
Ã©tant,1
croyez,1
Ãªtre comme,1
au dessous de,1
outre,1
trahir,1
mieux,1
entre,1
naissance,1
corps,1
Ã©vÃªque,1
amer,1
noir,1
faire des reproches,1
bÃ©nir,1
aveugle,1
du sang,1
coups,1
cru,1
rougir,1
docteur,1
Dolabella,1
derriÃ¨re,1
au-delÃ ,1
des os,1
ruisseau,1
prime,1
cerveau,1
courageux,1
Sein,1
souffle,1
race,1
bref,1
brillant,1
apporter,1
cassÃ©,1
frÃ¨re,1
supportÃ©,1
apportÃ©,1
sourcils,1
fardeau,1
enterrÃ©,1
armure,1
Entreprise,1
ne peux pas,1
capitaine,1
cardinal,1
bas,1
de cÃ´tÃ©,1
Cromwell,1
Ariel,1
livrer,1
dÃ©fi,1
chambre,1
chance,1
changement,1
charge,1
charitÃ©,1
chaste,1
joue,1
acclamation,1
gronder,1
chef,1
enfant,1
choix,1
Ã©glise,1
citoyenne,1
civil,1
prÃ©tendre,1
Claudio,1
clair,1
copies,1
conseil,1
Faire,1
dÃ©fendre,1
chaise,1
chaÃ®ne,1
certain,1
avouer,1
commander,1
commission,1
commettre,1
commun,1
un compagnon,1
entreprise,1
AchevÃ©e,1
complexion,1
Ã©tat,1
conduite,1
conscience,1
cesser,1
consentement,1
considÃ©rer,1
gendarme,1
constant,1
contenu,1
contraire,1
pitre,1
proche,1
droits d'auteur,1
Clifford,1
dÃ©lice,1
refusÃ©,1
approche,1
partir,1
tribunal,1
cousin,1
lÃ¢che,1
demander,1
crÃ©ature,1
crÃ©dit,1
pendaison,1
traverser,1
couronne,1
cruel,1
ruse,1
malÃ©diction,1
Douane,1
dague,1
damnÃ©,1
Danse,1
obscuritÃ©,1
fille,1
trÃ¨s cher,1
chÃ¨rement,1
cause,1
capture,1
ChÃ¢teau,1
cours,1
courage,1
pays,1
dÃ®ner,1
dÃ©sert,1
mÃ©riter,1
le dÃ©sir,1
dÃ©sespoir,1
dÃ©sespÃ©rÃ©,1
malgrÃ©,1
dispositif,1
diable,1
concevoir,1
didst,1
dÃ©couvrir,1
dÃ©cÃ¨s,1
disgrÃ¢ce,1
dÃ©shonorer,1
envoi,1
mÃ©contentement,1
disposition,1
distribuÃ©,1
Divin,1
diplÃ´me,1
actes,1
compter,1
ample,1
honnÃªte,1
bonheur,1
galant,1
double,1
doute,1
tirÃ©,1
crainte,1
horrible,1
rÃªver,1
boisson,1
gouttes,1
noyer,1
tambours,1
ivre,1
Duncan,1
durst,1
habiter,1
en train de mourir,1
de bonne heure,1
Terre,1
Edmund,1
effet,1
Soit,1
coude,1
aÃ®nÃ©,1
embrasse,1
Ã‰milie,1
empereur,1
hÃ¢te,1
ennemis,1
ennemi,1
prendre plaisir,1
entrer,1
supplier,1
Ã©gal,1
biens,1
Ã©ternel,1
chaque,1
tout,1
excellent,1
sauf,1
excuse,1
exÃ©cution,1
Exeter,1
sortir,1
Express,1
visages,1
perdre connaissance,1
FÃ©e,1
Foi,1
des chutes,1
familier,1
fantaisie,1
adieu,1
mode,1
fatal,1
pÃ¨re,1
dÃ©mon,1
faute,1
favoriser,1
craintif,1
peurs,1
le banquet,1
faible,1
compagnon,1
Fenton,1
Ferdinand,1
champ,1
fÃ©roce,1
inonder,1
ardent,1
bats toi,1
figure,1
trouve,1
doigt,1
premiÃ¨re,1
flatter,1
la chair,1
mouches,1
vol,1
fleurir,1
fleur,1
fleurs,1
en avant,1
suivre,1
folie,1
insensÃ©,1
imbÃ©ciles,1
ancÃªtre,1
interdire,1
Obliger,1
forÃªt,1
oublier,1
en vÃ©ritÃ©,1
fortune,1
fruit,1
vers l'avant,1
combattu,1
a trouvÃ©,1
QuatriÃ¨me,1
Cadre,1
France,1
librement,1
Frais,1
ami,1
froncer les sourcils,1
vide,1
jardin,1
portes,1
des portes,1
doux,1
fantÃ´me,1
donnÃ©,1
donnant,1
verre,1
glorieux,1
gloire,1
Aller,1
d'or,1
la bontÃ©,1
la grÃ¢ce,1
subvention,1
la tombe,1
gÃ©nial,1
vert,1
douleur,1
pleurer,1
brut,1
sol,1
grandi,1
devine,1
coupable,1
humble,1
gÃ©nÃ©ral,1
habitude,1
humour,1
talons,1
odieux,1
ayant,1
danger,1
tÃªtes,1
santÃ©,1
entendu,1
cÅ“ur,1
paradis,1
lourd,1
Hector,1
Par consÃ©quent,1
mains,1
altesse,1
tient,1
creux,1
confort,1
cheval,1
hÃ´tesse,1
heures,1
maison,1
Hubert,1
bloque,1
cent,1
connu,1
dÃ©charnÃ©,1
la main d'oeuvre,1
ignorant,1
comprend,1
En effet,1
infini,1
innocent,1
instant,1
avoir l'intention,1
intention,1
problÃ¨me,1
lui-mÃªme,1
jaloux,1
bijou,1
juge,1
jugement,1
Julia,1
Justice,1
la gentillesse,1
Royaume,1
rois,1
fripon,1
s'agenouiller,1
les genoux,1
couteau,1
Chevalier,1
mari,1
frappe,1
loisir,1
Dames,1
Madame,1
terres,1
grand,1
rire,1
lÃ©gitime,1
apprendre,1
appris,1
moins,1
laisser,1
sur,1
sait,1
libertÃ©,1
bibliothÃ¨que,1
Liege,1
lieutenant,1
lumiÃ¨re,1
membres,1
peu,1
vies,1
plus long,1
regards,1
venir,1
estomac,1
vient,1
fait du,1
malice,1
maniÃ¨re,1
Mars,1
Marcius,1
Marcus,1
Mariana,1
mariage,1
marier,1
MaÃ®tre,1
rencontre,1
veux dire,1
signifiait,1
la musique,1
moi mÃªme,1
nu,1
opinion,1
autre,1
autres,1
nous-mÃªmes,1
vers l'extÃ©rieur,1
Oxford,1
des douleurs,1
peint,1
fabrication,1
majestÃ©,1
Couleur,1
maintenir,1
gens,1
maÃ®tresse,1
modeste,1
monstre,1
mois,1
Matin,1
demain,1
mÃ¨re,1
mouvement,1
bouche,1
meurtre,1
aller plus loin,1
marchande,1
MÃ©moire,1
rÃ©union,1
mesure,1
les amoureux,1
aime,1
aimant,1
Lucentio,1
machine,1
la dÃ©mence,1
servantes,1
peintre,1
palais,1
Pandarus,1
papier,1
bruit,1
rien,1
nÃ©ant,1
nombre,1
infirmiÃ¨re,1
serments,1
obÃ©issance,1
Oberon,1
objet,1
occasion,1
infraction,1
offenser,1
offre,1
scÃ¨ne,1
ombre,1
seconde,1
deux fois,1
TrÃ©sor,1
procÃ¨s,1
tribunes,1
tour,1
triomphe,1
difficultÃ©,1
noble,1
nuit,1
niÃ¨ce,1
patient,1
pardon,1
Paris,1
sÃ©parÃ©,1
particulier,1
saison,1
les piÃ¨ces,1
fÃªte,1
passage,1
la passion,1
la patience,1
paix,1
jamais,1
ordre,1
souvent,1
des noms,1
Bureau,1
originaire de,1
Naturel,1
la nature,1
Besoins,1
voisine,1
ni,1
erreur,1
gaietÃ©,1
Miranda,1
revenir,1
plaine,1
S'il vous plaÃ®t,1
priÃ¨res,1
plaisir,1
cueillir,1
point,1
poison,1
politique,1
possible,1
livre,1
Puissance,1
entraine toi,1
louange,1
promettre,1
respecter,1
preuve,1
droite,1
rappelles toi,1
rendre,1
rÃ©paration,1
se repentir,1
rapport,1
rÃ©putation,1
peste,1
endroit,1
pistolet,1
prÃªtre,1
prÃ©sence,1
prÃ©parer,1
projet,1
prologue,1
jolie,1
prÃ©sent,1
profit,1
privÃ©,1
procÃ©der,1
fiertÃ©,1
prix,1
piÃ¨ce,1
prince,1
prison,1
posthume,1
prÃ©cieux,1
plaider,1
peut-Ãªtre,1
pÃ©ril,1
autorisation,1
la personne,1
Philippe,1
le respect,1
rÃ©vÃ©rence,1
ministre,1
rÃ©volte,1
querelle,1
reine,1
question,1
silencieux,1
quoth,1
Ã©lever,1
une ranÃ§on,1
plutÃ´t,1
lisible,1
domaine,1
raison,1
parfait,1
partiellement,1
apercevoir,1
misÃ¨re,1
pitiÃ©,1
mÃ©rite,1
joyeux,1
Messager,1
minuit,1
puissant,1
Milan,1
esprits,1
Percy,1
qualitÃ©,1
bourse,1
en disant,1
riviÃ¨res,1
correct,1
pourri,1
rugueux,1
rond,1
Royal,1
sacrÃ©,1
sÃ©curitÃ©,1
Saint,1
satisfait,1
rare,1
objectif,1
remÃ¨de,1
rester,1
qui concerne,1
recevoir,1
protecteur,1
manifestation,1
fier,1
prouver,1
Ã  condition de,1
Publique,1
vraiment,1
trompette,1
confiance,1
soudain,1
un service,1
Sept,1
nombreuses,1
Lorenzo,1
secouer,1
doit,1
la honte,1
forme,1
tranchant,1
berger,1
Ã©clat,1
rive,1
court,1
devrait,1
montre,1
maladie,1
vue,1
silence,1
spÃ©cial,1
la vitesse,1
dÃ©penser,1
Ã©tude,1
substance,1
servir,1
serviteur,1
phrase,1
Pardon,1
petit,1
odeur,1
sourire,1
soldat,1
quelque chose,1
raconte,1
parfois,1
plus tÃ´t,1
devin,1
chagrin,1
recherchÃ©,1
sÃ©nateur,1
Ã¢mes,1
du son,1
de rechange,1
parler,1
parle,1
sirrah,1
CÃ©libataire,1
depuis,1
Facile,1
voyant,1
SuccÃ¨s,1
souffrir,1
sommeil,1
Ã©tÃ©,1
Personnel,1
tache,1
Ã©toiles,1
Etat,1
voler,1
acier,1
intendant,1
calcul,1
se tenait,1
boutique,1
orage,1
rÃ©cit,1
tout droit,1
Ã©trange,1
rue,1
force,1
la grÃ¨ve,1
accident vasculaire cÃ©rÃ©bral,1
charmant,1
lettre,1
seigneurs,1
des nuages,1
UniversitÃ©,1
printemps,1
sport,1
parlait,1
tailleur,1
souper,1
sÃ»rement,1
Surrey,1
suspect,1
jurer,1
transpiration,1
sucrÃ©,1
Ã©pÃ©e,1
Syracuse,1
table,1
pris,1
dÃ©pit,1
goudronneux,1
goÃ»t,1
enseignÃ©,1
enseigner,1
fastidieux,1
les dents,1
des trucs,1
frappÃ©,1
esprit,1
fort,1
mince,1
esclave,1
vÃ©ritÃ©,1
Ã©pouses,1
Thomas,1
ceux,1
prospÃ©rer,1
gorge,1
trÃ´ne,1
par,1
jeter,1
poussÃ©e,1
tonnerre,1
fois,1
Titre,1
ensemble,1
langue,1
toucher,1
vers,1
version,1
la victoire,1
scÃ©lÃ©rat,1
hiver,1
sorciÃ¨re,1
avec,1
dans,1
sans pour autant,1
troisiÃ¨me,1
pense,1
chose,1
prononcer,1
se tourne,1
tyran,1
soumissionner,1
Ulysse,1
oncle,1
sous,1
dÃ©fait,1
sauf si,1
jusqu'Ã ,1
indigne,1
Valentin,1
voleur,1
vaillant,1
valeur,1
bande de roulement,1
traitre,1
train,1
la tour,1
remercier,1
leur,1
LÃ ,1
celles-ci,1
tÃ©moin,1
Wolsey,1
calomnie,1
femme,1
dÃ©chets,1
regarder,1
eau,1
richesse,1
armes,1
se lasser,1
mauvaises herbes,1
poids,1
Bienvenue,1
qu'il s'agisse,1
lequel,1
tandis que,1
entier,1
putain,1
dont,1
veuve,1
termes,1
tempÃªte,1
secret,1
solennel,1
sÅ“ur,1
compÃ©tence,1
tuÃ©,1
mandat,1
guerrier,1
des murs,1
Ã©crit,1
merveille,1
travaux,1
monde,1
pire,1
culte,1
vaut,1
aurait,1
blessure,1
misÃ©rable,1
Ã©crire,1
rendement,1
voix,1
lÃ -bas,1
Jeune,1
le tiens,1
sagesse,1
ailes,1
alto,1
la fenÃªtre,1
violent,1
vertu,1
visite,1
jeunesse,1
